267,cover,2,2
852,oft,1,2
89,attack,3,3
643,intent,2,3
192,choic,3,2
1253,time,8,2
136,blew,1,2
1031,refus,1,2
1164,soul,5,4
101,ballot,1,2
781,mill,1,2
1020,rebel,1,2
962,process,2,3
583,humbl,1,2
518,get,4,5
63,approv,1,2
1267,transfus,1,2
68,arbitrari,7,3
239,confus,2,3
741,mani,45,5
930,possibl,12,4
1175,spiritu,5,4
686,kind,3,4
576,hostil,1,2
37,alt,3,2
36,also,14,6
556,hawaiian,1,2
314,depend,3,3
1051,research,3,3
1168,speci,2,3
358,door,3,3
1226,tell,3,3
128,big,1,2
936,prayer,5,2
290,dave,1,2
1157,someth,19,6
837,nowaday,1,2
257,copi,2,3
808,name,4,3
703,lead,1,2
941,prefer,1,2
1352,whether,9,5
78,aspect,1,2
945,presenc,1,2
1363,wisconsin,1,2
266,court,1,2
951,previous,1,2
1060,ridicul,1,2
330,differ,10,5
997,qualiti,3,2
229,compil,1,2
1364,wish,3,2
1085,say,22,9
838,number,6,2
196,christian,21,4
110,becam,1,2
18,adher,1,2
442,explan,3,3
93,avoid,2,3
630,inexact,1,2
645,interpret,2,2
1187,stay,1,2
113,behav,4,2
320,destroy,2,2
1152,solicit,1,2
1118,sever,1,2
391,encompass,1,2
755,mayb,1,2
1317,valu,4,4
419,everi,10,6
893,peopl,40,10
770,merci,1,2
106,bastard,1,2
421,everyon,2,2
549,harboehdcrt,1,2
302,deed,1,2
1140,sincer,1,2
663,jaeger,1,2
1174,spent,4,2
274,critic,2,2
437,experi,4,3
371,e,1,2
1248,thought,9,6
294,death,3,3
1142,sinner,1,2
952,priest,1,2
217,colon,1,2
242,consid,8,4
1229,tend,6,2
543,hall,2,3
562,help,3,3
887,patent,1,2
844,obscur,1,2
1230,tendenc,5,2
1082,saudi,2,3
1264,total,1,2
171,carri,4,3
773,messag,6,5
1281,tyre,1,2
193,choos,3,2
214,cohes,1,2
475,firstli,1,2
1331,violat,6,4
318,deserv,3,3
1213,surviv,3,3
548,happili,1,2
884,pass,1,2
1004,r,2,2
496,frequent,1,2
1220,talk,9,4
711,let,1,2
1147,soc,1,2
1328,victim,7,5
732,ltvtmvtu,1,2
51,antipathi,1,2
1334,vocal,1,2
352,doctrin,1,2
747,mass,2,2
1377,write,18,17
1151,sole,1,2
1318,valuabl,1,2
428,exampl,19,5
839,ny,1,2
919,point,8,4
806,myth,1,2
1123,share,2,3
813,need,6,5
801,mr,2,3
329,die,4,4
361,doubtless,2,3
395,end,7,5
696,larger,1,2
28,aid,3,2
52,anyon,1,2
961,problem,9,7
487,form,2,3
1038,religi,49,6
1367,wonder,1,2
95,b,5,2
123,bewar,2,2
1266,traffic,1,2
978,proselyt,1,2
868,ought,1,2
1094,scream,1,2
340,discrimin,1,2
640,instead,2,3
1241,theori,1,2
48,answer,8,4
417,eventu,1,2
734,made,8,5
458,faq,2,3
163,call,5,2
1014,real,5,3
1056,restrict,2,3
181,certainli,11,4
1126,shortcom,1,2
86,atheism,49,3
116,belief,38,4
730,lose,1,2
1261,took,1,2
288,danger,2,2
410,essenti,3,2
906,pgvlt,1,2
336,disbelief,2,2
617,includ,3,3
680,justifi,4,2
1243,thesi,2,3
1018,realli,5,3
578,howev,10,6
953,primarili,1,2
523,goal,9,4
394,encroach,1,2
691,l,1,2
1313,usual,6,2
1059,rice,2,3
1287,unambigu,1,2
1041,remain,1,2
90,attempt,5,4
32,allow,3,2
805,must,20,7
1165,sound,5,6
1075,sacr,1,2
553,harsh,1,2
610,impract,1,2
712,level,3,4
97,background,1,2
710,less,4,2
985,public,1,2
19,administ,1,2
1338,vulner,1,2
621,increas,5,3
960,probablilti,1,2
534,greater,4,3
299,declar,4,4
1244,thing,20,4
850,odd,2,3
416,event,2,2
1385,z,1,2
161,butler,1,2
550,hard,3,3
1257,togeth,3,2
1271,tri,9,2
145,boycott,1,2
164,caltech,5,6
749,match,1,2
328,diclaim,1,2
1150,societi,12,6
17,adequ,2,2
651,introduct,4,2
195,christ,2,2
647,intoler,1,2
723,littl,6,4
797,monopoli,1,2
7,accord,7,4
1073,rule,15,6
1216,system,28,7
881,parti,2,3
357,done,2,3
979,provabl,2,2
1001,quick,1,2
1030,reform,2,2
956,principl,4,4
622,independ,4,4
841,obedi,1,2
324,determin,1,2
638,insincer,1,2
792,mo,1,2
1089,school,4,4
1110,sensibl,1,2
46,annoy,1,2
6,accor,1,2
1215,sympathi,2,2
1359,widen,1,2
547,happi,5,5
387,embarass,1,2
1277,turn,2,3
648,intox,1,2
1351,whenev,2,2
766,meme,6,2
1183,start,6,6
1242,therefor,4,2
513,gay,1,2
12,action,3,2
684,kill,11,6
1221,taoism,1,2
557,heal,2,2
500,fudg,1,2
752,matter,15,6
830,none,3,4
1173,spend,1,2
341,discuss,3,2
657,irc,1,2
423,everywher,1,2
1265,toward,4,2
393,encourag,4,2
160,bustingli,1,2
879,parodi,2,2
531,gradual,1,2
65,april,1,2
473,finish,2,3
1375,would,24,10
702,lawmak,1,2
343,disord,2,2
337,disbeliev,1,2
1325,verili,1,2
854,ok,3,3
905,pgp,4,2
85,astrolog,1,2
41,amongst,1,2
1083,save,4,4
152,brother,1,2
1344,weak,7,2
629,inevit,1,2
728,long,3,3
872,overpopul,1,2
539,guilt,1,2
928,pose,2,3
1275,trustworthi,1,2
574,hospit,2,2
364,dress,1,2
1095,scroll,3,3
1332,virtu,1,2
1300,unknow,1,2
210,cmu,1,2
1170,specif,1,2
317,describ,4,2
480,follow,7,2
800,mozumd,2,3
1065,road,1,2
1353,whilst,2,2
579,hssppau,1,2
1283,ultim,1,2
1327,version,2,2
438,experiment,1,2
1109,sens,6,2
939,predict,1,2
1374,worth,4,3
915,pleas,5,5
124,beyond,2,3
153,brought,1,2
29,ajrxzxn,1,2
1214,switch,2,3
674,judg,1,2
517,genuin,1,2
454,fall,3,3
933,practic,2,2
650,introduc,1,2
1135,similar,4,3
4,accid,1,2
876,parasit,1,2
479,fog,1,2
847,obviou,3,2
491,foundat,1,2
697,largest,1,2
298,decis,3,2
15,adam,2,2
1206,superhuman,3,2
1217,sz,1,2
842,obey,2,2
252,convert,2,2
796,money,1,2
565,histor,2,2
238,conform,2,2
456,famili,3,2
1096,sea,1,2
971,properli,1,2
649,intrins,1,2
322,detect,5,2
994,q,3,2
1305,unto,2,3
1037,reliabl,1,2
987,punish,13,7
262,count,2,3
230,complet,5,3
940,predominantli,1,2
595,illeg,1,2
880,part,3,4
1107,semant,1,2
465,field,2,2
1272,trim,2,3
709,length,2,3
133,bit,2,3
66,arabia,2,3
25,agnost,3,2
170,care,9,6
146,brain,1,2
131,birth,1,2
452,fair,2,2
542,halat,1,2
1117,set,4,2
538,guarante,3,3
829,non,10,4
434,exist,42,4
1106,selfish,2,2
478,flyer,3,3
234,conclud,2,2
999,queen,1,2
763,meet,1,2
898,perhap,5,3
461,favor,4,3
1176,spread,3,2
466,fight,1,2
1162,sorri,2,3
1026,redefinit,2,2
1131,sig,3,2
88,atmp,1,2
353,document,2,3
1247,though,3,2
82,associ,1,2
470,financi,1,2
303,deepli,1,2
519,give,3,3
1361,will,2,3
510,g,1,2
559,heavi,1,2
55,anywher,2,2
1172,specul,1,2
1122,shall,3,4
319,desir,2,3
719,link,2,3
413,euphem,1,2
338,disclaim,1,2
1063,risk,3,3
909,philosoph,13,4
959,probabl,4,4
1280,typic,1,2
99,backward,1,2
772,merit,1,2
1293,unexcept,2,2
1269,trap,1,2
835,notic,1,2
363,drawn,1,2
284,dahmer,1,2
633,inform,2,3
1138,simpli,7,4
1357,whole,6,5
758,mean,28,7
102,baptist,1,2
520,given,2,2
811,nauseum,1,2
1240,theistic,2,3
528,gone,2,2
990,purpos,9,5
1329,view,11,3
516,gener,11,5
1258,toilet,1,2
693,lack,5,3
440,expertis,1,2
450,factor,1,2
1324,verifi,1,2
669,join,1,2
926,popular,2,2
1291,undo,1,2
430,except,1,2
851,offens,2,3
436,expens,1,2
247,contradict,10,5
989,pure,2,2
1114,serial,4,3
226,compass,2,2
627,ineffici,1,2
185,chanc,1,2
398,england,1,2
209,closer,1,2
281,current,3,3
969,proof,2,2
600,immedi,1,2
400,enrag,1,2
122,better,4,4
861,orang,1,2
1308,upbring,2,2
665,jesu,5,3
375,easi,3,3
289,data,2,2
404,entropi,1,2
250,control,4,2
157,bunch,1,2
891,peer,1,2
809,nanci,1,2
1225,televis,1,2
359,doubl,1,2
525,gold,1,2
285,damn,1,2
1312,use,21,7
1340,wast,2,2
114,behavior,1,2
104,basi,2,2
628,inerr,3,2
1205,superfici,1,2
570,honor,1,2
552,harm,2,2
439,expert,1,2
77,ask,13,5
183,cfk,1,2
39,although,1,2
420,everyday,1,2
126,bibl,9,4
156,build,3,2
754,may,26,5
788,miracl,1,2
1306,untru,1,2
1066,rob,1,2
834,noth,3,2
119,benefit,1,2
143,bottom,1,2
825,nice,1,2
1185,statement,6,2
1207,supernatur,1,2
1192,stop,3,4
1091,scientif,1,2
1098,second,2,3
739,man,1,2
103,base,5,5
219,come,2,3
194,chose,1,2
1128,show,4,3
795,moment,2,3
597,imagin,1,2
1347,weight,1,2
232,concept,4,5
718,line,9,5
601,immor,5,4
488,former,3,4
725,livesey,5,4
612,imprison,2,2
1228,ten,1,2
935,pray,5,2
13,actual,4,3
858,open,2,2
1190,still,12,5
1297,unicorn,3,2
69,archiv,2,2
24,advoc,1,2
544,hampshir,2,3
1029,reflect,2,3
859,oper,1,2
305,defend,1,2
147,bravo,1,2
794,mohammad,1,2
855,oke,1,2
1039,religion,48,6
995,qkbjarbi,1,2
713,liberti,9,4
1130,side,1,2
1370,world,7,3
751,mathew,3,3
1236,th,1,2
1146,slipperi,1,2
641,institut,1,2
588,id,3,4
682,keith,10,7
895,percent,1,2
656,iqcvagubk,1,2
130,billion,1,2
1108,send,2,3
1339,want,10,6
1090,scienc,7,3
444,express,1,2
1033,reject,2,3
168,cannib,1,2
974,prophet,1,2
490,found,9,4
367,driven,1,2
1255,tm,1,2
1349,well,21,9
411,etc,3,3
606,impli,3,4
169,capit,6,6
1009,rather,13,4
563,henc,2,2
690,kuweit,2,3
44,andrew,1,2
1302,unless,2,2
947,preserv,1,2
495,freethought,1,2
1234,testifi,1,2
1036,reli,2,3
571,hope,1,2
1092,scientist,6,2
585,huxley,1,2
907,phenomena,2,2
1102,seem,10,7
1145,slightli,1,2
1166,soviet,3,2
211,co,1,2
482,foolish,1,2
265,cours,14,3
598,imaginari,2,2
1154,somebodi,1,2
1345,weakl,1,2
894,perceiv,1,2
231,complex,1,2
912,place,1,2
667,john,1,2
1054,respond,6,6
474,first,2,3
1079,salvat,1,2
348,divin,1,2
653,inviol,2,2
205,claw,1,2
1129,shown,2,2
1251,thrown,1,2
26,agnostic,4,2
820,newsgroup,1,2
174,categor,2,2
717,limit,1,2
1350,west,1,2
197,church,11,3
1314,v,1,2
537,group,4,4
560,height,1,2
1197,studi,2,2
468,file,4,3
888,pathet,2,2
1360,widespread,2,3
1088,schneider,4,4
1052,resist,2,3
429,excel,1,2
244,contenti,2,2
200,cite,1,2
1024,record,1,2
873,ozland,1,2
1184,state,15,6
80,assert,8,4
212,code,2,2
913,planet,1,2
652,invalid,3,2
635,inher,2,3
675,jump,2,3
1299,univers,10,4
532,grapholog,1,2
198,circular,1,2
155,buddhist,1,2
268,crap,1,2
1132,sign,1,2
849,od,1,2
1077,sake,1,2
857,oooh,1,2
877,parent,1,2
922,polit,4,3
1316,valid,2,3
681,keep,2,3
970,propag,2,2
449,fact,4,2
810,natur,9,4
150,broad,1,2
688,know,10,6
785,mindlessli,1,2
399,enough,2,2
481,food,1,2
0,abl,2,3
631,infant,2,2
301,dedic,2,2
603,impact,1,2
744,mark,1,2
885,past,1,2
1202,suddenli,2,2
1218,take,10,6
1006,rafia,1,2
283,cynic,1,2
201,citizen,2,3
634,ingrain,1,2
1254,tlez,1,2
1233,test,3,2
139,blood,2,3
1019,reason,19,9
742,mankind,1,2
401,entir,4,3
804,muslim,11,2
54,anyway,2,3
476,fit,1,2
215,coin,1,2
202,claim,13,5
406,equal,1,2
275,crop,1,2
1355,who,3,2
780,mileag,1,2
1119,sex,2,3
457,famou,3,2
874,p,3,4
581,huge,1,2
619,inconclus,1,2
5,accident,1,2
798,moral,42,6
1315,vagu,1,2
165,came,2,2
258,core,5,3
190,cheap,1,2
558,heard,1,2
740,manhattan,1,2
21,admittedli,1,2
575,host,10,9
984,pub,1,2
535,gregg,1,2
1326,vers,3,2
937,prc,2,3
464,fiction,1,2
286,dan,2,2
138,bloc,1,2
501,full,2,3
929,posit,9,2
967,promiscu,3,3
604,implant,1,2
1285,unabl,1,2
1005,ra,2,3
16,add,1,2
378,eastern,1,2
277,crystal,1,2
646,intimid,1,2
778,michael,1,2
360,doubt,3,3
551,harder,1,2
61,applic,1,2
724,live,8,3
573,hors,1,2
125,bias,1,2
526,golden,5,4
453,faith,8,2
1284,un,1,2
767,memet,2,2
779,might,9,5
166,campaign,4,2
445,extern,1,2
1113,septemb,1,2
1323,verdi,1,2
918,po,1,2
587,ic,1,2
1208,support,7,5
892,penalti,3,3
584,hundr,1,2
223,committ,1,2
497,freze,1,2
316,depth,1,2
1321,variou,1,2
261,could,7,6
878,park,2,2
98,backlash,3,2
1343,way,20,6
509,futur,1,2
11,act,7,3
982,pseudo,1,2
1263,toss,1,2
1200,subtl,1,2
246,continu,1,2
486,forgiv,2,2
654,invis,1,2
1057,result,3,2
701,law,3,4
1222,target,2,3
100,bad,2,2
162,bv,1,2
402,entiti,1,2
206,clean,1,2
1171,spectrum,1,2
1105,self,3,2
1365,within,3,4
506,funni,1,2
175,cathol,2,2
735,mail,1,2
368,drug,1,2
380,edu,7,8
524,god,64,5
731,lot,1,2
159,busi,1,2
996,qualit,1,2
722,listen,1,2
1201,success,3,2
1342,water,1,2
60,appli,6,6
871,overal,1,2
310,demonstr,1,2
1224,teeth,1,2
1011,reach,1,2
721,list,8,3
1069,role,1,2
1290,understand,6,6
917,plug,1,2
346,distinguish,1,2
1003,quot,11,5
245,context,2,2
2,absolut,1,2
689,known,2,3
637,insid,2,3
1167,speak,2,2
459,far,2,3
783,mincer,1,2
923,ponder,3,3
608,importantli,1,2
424,evid,9,4
554,hate,2,2
115,behaviour,6,2
1025,recurs,4,3
921,polici,1,2
140,bob,2,3
342,diseas,1,2
605,implement,4,4
705,least,5,5
889,patienc,1,2
609,imposs,8,2
333,direct,1,2
582,human,15,5
746,marriag,1,2
409,especi,4,4
374,earth,4,2
920,pointless,1,2
704,leader,1,2
264,countri,3,2
43,analog,1,2
944,prescrib,1,2
807,n,1,2
418,ever,4,3
344,display,1,2
30,aliv,1,2
141,book,2,2
1067,robe,1,2
1232,terror,1,2
708,legisl,1,2
993,put,6,4
199,circumv,1,2
1156,someon,9,5
132,birthday,1,2
1032,regard,1,2
1153,solomon,1,2
3,accept,11,3
1160,somewher,5,6
386,email,2,3
1169,special,1,2
1078,salad,1,2
207,clear,6,4
1027,reduc,1,2
577,hot,1,2
975,propog,2,3
1046,repli,2,3
1307,unwil,1,2
236,condom,1,2
661,issu,5,5
1231,term,2,2
1279,two,5,5
1040,reluct,1,2
671,josh,1,2
233,concern,7,3
291,day,1,2
345,disprov,2,2
73,around,2,2
515,gene,1,2
1186,statist,2,3
1380,xenophobia,1,2
568,hold,4,2
118,benedikt,1,2
613,inabl,1,2
1341,watch,5,4
782,milwauke,1,2
664,jeffrey,1,2
1070,roper,1,2
47,anoth,11,7
555,hatr,1,2
992,pursuit,3,3
676,jurass,1,2
1301,unknown,1,2
256,cooper,1,2
636,innoc,10,5
177,caus,6,5
514,ge,1,2
362,draw,1,2
467,figur,2,3
83,assum,19,5
1378,written,1,2
666,jim,1,2
1354,whit,2,3
365,drink,1,2
743,manner,2,3
775,metal,1,2
1235,text,1,2
533,great,3,3
1002,quit,8,4
679,justif,3,2
1196,strong,11,3
529,good,15,7
377,easili,1,2
448,face,3,3
903,pet,1,2
1074,run,3,3
167,campu,2,3
306,defin,14,5
1358,wide,2,2
986,pull,1,2
1296,unhappi,1,2
278,cultur,1,2
1237,thank,2,3
1209,suppos,2,2
828,nobodi,4,3
948,pressur,1,2
493,free,2,3
1143,situat,3,3
1238,theism,2,2
443,explicitli,2,2
188,characterist,1,2
370,due,2,3
750,mathemat,1,2
1191,stool,1,2
263,counter,4,2
1012,read,2,2
327,dialogu,1,2
351,doctor,1,2
376,easier,1,2
484,foreign,2,2
505,fundi,3,2
567,hobnob,1,2
692,label,1,2
415,even,24,5
149,bring,1,2
882,particular,6,2
1310,us,5,5
700,laugh,1,2
179,centuri,1,2
1212,survey,1,2
33,almost,3,3
566,histori,1,2
1348,welcom,1,2
260,cost,3,3
586,ibm,1,2
237,conduct,1,2
191,children,2,2
981,provid,5,4
57,appar,4,5
1381,ye,4,4
208,close,4,3
580,htdii,1,2
511,gain,1,2
715,life,23,7
213,coffe,1,2
108,beauchain,3,4
38,altern,1,2
1203,suffici,1,2
1062,righteou,1,2
67,arbitari,2,3
977,proposit,1,2
866,other,15,7
1028,refer,10,6
911,pillar,2,3
1294,unfair,1,2
323,deterior,1,2
769,mention,4,4
249,contribut,3,2
1064,river,1,2
823,next,1,2
276,crucial,1,2
151,bronx,1,2
963,profess,1,2
802,much,11,6
75,articl,17,11
759,meaning,2,2
883,particularli,1,2
389,empath,1,2
768,mental,1,2
127,biblic,1,2
1259,told,2,2
1249,thousand,1,2
625,individu,5,2
821,newslett,2,3
1141,singl,2,2
1013,readili,1,2
469,final,1,2
822,newsread,1,2
867,otherwis,2,2
507,fuss,1,2
373,earlier,1,2
216,collect,1,2
826,nihqnzx,1,2
9,achiev,2,3
816,net,1,2
92,author,2,3
40,alway,4,3
111,becom,7,5
753,maxim,1,2
296,decept,1,2
332,digress,2,2
958,prize,1,2
908,phenomenon,2,3
392,encount,1,2
1163,sort,21,6
182,certainti,1,2
973,propheci,1,2
1086,sbbpw,1,2
1178,stage,2,3
1104,segment,1,2
502,fund,1,2
334,directli,1,2
1022,recent,3,4
382,effort,3,3
863,organ,2,2
1288,unbeliev,2,2
856,one,36,11
957,prison,1,2
1304,unlimit,1,2
685,killer,4,3
1115,serious,1,2
1136,similarli,5,4
304,default,4,2
632,influenc,1,2
1252,thu,1,2
1103,seen,1,2
1144,slant,1,2
602,immort,1,2
983,psycholog,4,4
1372,wors,1,2
441,explain,3,2
489,formul,1,2
706,leav,1,2
1379,wrong,9,5
105,basic,5,3
325,develop,1,2
624,indirectli,1,2
1149,societ,1,2
499,friendli,1,2
300,decre,1,2
623,indic,3,3
53,anyth,4,5
1112,separ,4,3
904,petti,3,3
968,promot,3,2
1368,word,9,3
1000,question,22,7
620,inconsist,1,2
313,denounc,1,2
738,make,21,6
1015,realis,2,3
1262,topic,1,2
762,medicin,1,2
483,forc,2,3
639,instanc,1,2
446,extrem,1,2
498,friend,5,2
764,mellish,1,2
1376,wpsivx,1,2
1193,strang,1,2
273,crimin,1,2
726,local,2,3
736,main,1,2
414,evangel,1,2
836,notori,1,2
616,incalcul,1,2
672,joy,1,2
309,demand,1,2
204,classic,1,2
297,decid,6,3
1311,usa,4,4
536,ground,2,2
1384,yqqgb,1,2
1335,voluntari,1,2
1211,surpris,1,2
934,pragmat,1,2
765,member,3,3
591,idl,1,2
590,identifi,1,2
369,ds,1,2
1256,today,4,2
8,account,1,2
463,feel,9,2
827,nntp,7,8
938,preacher,1,2
59,appear,1,2
1333,vital,1,2
1120,sexual,3,3
189,chariti,9,3
462,februari,1,2
784,mind,3,2
384,electron,1,2
383,either,1,2
972,properti,1,2
541,gut,1,2
1007,random,2,3
1049,requiem,1,2
902,pervert,1,2
1072,rpi,1,2
225,companion,2,2
221,comment,1,2
1250,throw,1,2
572,horribl,1,2
460,fatal,1,2
897,perfectli,1,2
50,anti,9,3
869,outrag,1,2
1048,request,2,3
1097,search,6,2
1227,temporarili,1,2
72,argument,9,5
901,pervers,1,2
356,donat,1,2
980,prove,12,3
662,j,1,2
1116,serv,3,4
1194,straw,1,2
1076,said,7,5
254,convinc,2,3
315,depress,5,3
307,definit,11,5
243,content,1,2
42,amount,1,2
512,game,2,2
1303,unlik,3,2
253,convict,1,2
789,misinterpret,1,2
388,emerg,1,2
1246,third,1,2
966,progress,2,3
248,contradictori,1,2
942,premis,2,2
455,fals,2,3
791,mistaken,1,2
817,neutral,1,2
1199,subject,2,2
112,begin,3,2
241,consequ,1,2
107,bathroom,2,3
1180,stall,4,4
615,inalien,3,2
955,primit,1,2
49,anthrop,1,2
64,approxim,2,3
129,bill,1,2
427,examin,1,2
677,jurisprud,1,2
326,devic,1,2
135,blame,5,2
405,eoehzjxlefrdeypvayt,1,2
1134,silli,2,3
611,impris,1,2
1210,sure,13,5
142,born,3,3
1366,without,4,2
1071,roughli,1,2
670,jon,7,6
187,character,2,2
74,arriv,1,2
1273,trivial,1,2
10,across,1,2
793,modifi,1,2
422,everyth,2,2
1061,right,8,5
699,latter,3,4
27,agre,3,2
660,israelit,1,2
279,cup,1,2
786,minimum,1,2
20,admit,4,4
815,neighbourhood,1,2
1042,rememb,3,3
729,look,6,3
521,glori,1,2
976,propos,2,3
173,cast,1,2
589,idea,10,3
599,imiprison,1,2
988,purchas,1,2
432,execut,6,5
1155,somehow,1,2
426,exam,1,2
1016,realiti,3,3
62,approach,2,3
203,class,1,2
1219,taken,2,2
1362,wipe,1,2
349,dj,1,2
698,last,1,2
403,entitl,2,3
875,paper,1,2
1188,stick,1,2
950,pretti,1,2
1081,sarcasm,1,2
900,person,24,7
1181,stanc,1,2
1047,repres,2,2
870,outsid,3,3
220,comfort,5,2
224,common,2,3
655,involv,1,2
1099,secondli,1,2
1268,transmiss,1,2
658,irrelev,1,2
687,king,5,4
222,commit,3,4
255,cool,1,2
777,mhepi,1,2
1068,robert,3,4
14,ad,1,2
1133,signatur,2,2
504,fundamentalist,2,3
292,dead,2,3
1087,sceptic,9,2
787,minor,2,3
540,guilti,1,2
1182,standard,1,2
546,happen,2,3
964,professor,1,2
492,fred,2,3
1058,reveng,3,2
91,attitud,2,2
949,pretend,1,2
272,crime,2,2
673,judaism,1,2
860,opposit,1,2
31,allan,1,2
178,ceas,1,2
843,object,23,6
379,econom,1,2
931,post,15,10
23,advantag,1,2
914,play,2,3
259,correct,2,3
1080,sank,1,2
1337,vroblfaqfsbwp,1,2
1101,see,13,5
1383,yorktown,1,2
433,exhaust,3,2
172,case,3,2
56,apart,2,2
494,freedom,1,2
1223,teach,1,2
714,lie,4,4
228,compet,2,2
1045,repeatedli,1,2
910,physic,3,3
760,meant,2,3
1034,releas,1,2
1309,upon,5,5
1286,unaccept,1,2
832,noon,1,2
707,legal,3,4
946,present,7,4
522,go,5,5
1292,uneven,1,2
846,obtain,1,2
186,chang,3,3
924,poorer,1,2
58,appeal,2,3
659,islam,7,3
148,brian,1,2
1121,shade,1,2
1148,social,5,3
1179,stalin,1,2
1055,respons,2,3
925,popul,2,3
1093,scout,1,2
678,jurras,1,2
1137,simpl,5,3
269,creat,3,3
1125,short,1,2
503,fundament,4,4
70,argu,6,4
626,industri,1,2
745,marri,1,2
144,box,1,2
1127,shout,1,2
831,nonsens,1,2
1053,respect,1,2
644,interact,6,2
668,johnson,2,2
594,ill,1,2
1371,worri,2,2
814,neg,3,2
818,never,4,4
435,expect,1,2
695,larg,2,3
727,logic,3,3
109,beauti,3,3
472,fine,2,3
799,motiv,2,3
1278,tv,2,2
508,futil,1,2
607,import,5,2
1289,uncomfort,1,2
896,perfect,2,3
1369,work,8,4
1239,theist,14,3
694,languag,1,2
282,cut,2,3
121,best,3,2
137,blink,2,2
1161,soon,1,2
1346,wear,2,2
720,liquid,1,2
899,peripheri,1,2
1373,worship,3,2
757,mcgwier,1,2
545,hand,4,4
1319,vari,1,2
776,metaphys,1,2
431,excus,2,2
270,creation,1,2
592,ie,1,2
451,fail,2,3
34,along,4,3
94,away,1,2
385,els,1,2
824,nf,1,2
862,order,6,5
991,pursu,1,2
485,forev,1,2
477,flat,1,2
998,quantiti,1,2
916,plenti,1,2
471,find,12,6
761,measur,2,3
1008,rare,2,3
596,illicit,1,2
943,prepar,1,2
1274,true,15,5
331,difficult,1,2
84,assumpt,7,2
412,etern,3,2
308,delet,1,2
350,dna,1,2
1139,sinc,6,4
1050,requir,4,5
803,murder,36,6
81,assign,1,2
790,miss,2,2
1043,remot,1,2
1084,saw,1,2
593,ignor,2,2
366,drive,3,2
134,black,1,2
218,coma,1,2
932,power,4,2
530,govern,2,3
845,observ,2,2
180,certain,2,2
737,major,6,4
642,intend,1,2
965,programm,1,2
1336,voter,2,3
235,conclus,3,2
176,caught,1,2
354,dogma,1,2
347,divers,1,2
1204,suggest,2,3
76,asid,1,2
1320,varieti,2,2
407,equival,1,2
1330,viewpoint,2,2
381,effect,3,3
840,nz,1,2
280,curiou,1,2
1044,remov,2,3
527,golen,2,3
397,engag,2,2
251,convers,3,2
1124,shirt,1,2
1,absenc,1,2
1100,secular,2,2
756,mcdowel,1,2
1017,realiz,2,3
1295,unfortun,2,2
79,assembl,3,4
864,organiz,1,2
339,discourag,2,2
1245,think,19,8
561,held,1,2
408,error,1,2
45,anim,1,2
1270,trend,2,3
812,necessari,2,3
564,higher,1,2
87,atheist,94,4
716,like,21,11
22,adopt,2,2
954,prime,5,4
372,eactli,2,3
853,often,6,3
618,incompat,1,2
819,new,4,4
71,arguabl,2,2
1023,reconcil,1,2
1159,somewhat,1,2
1158,sometim,4,2
120,besid,2,3
311,deni,2,3
927,portion,1,2
890,patron,1,2
865,origin,6,4
321,destruct,1,2
96,back,1,2
184,chair,1,2
1282,uk,1,2
1298,union,2,2
425,evolv,1,2
774,met,1,2
1189,stilgar,1,2
355,dogmat,2,2
1276,truth,5,2
569,honestli,1,2
683,khyyxmerfao,1,2
1177,sseypl,1,2
287,dana,1,2
1260,tomorrow,2,2
771,mere,2,2
1111,sensori,1,2
117,believ,50,3
614,inaccur,1,2
447,eye,2,2
1356,whoever,1,2
1382,year,3,3
1035,relev,1,2
1021,receiv,1,2
396,enemi,1,2
335,director,2,3
240,connect,1,2
848,obvious,2,3
35,alreadi,1,2
293,deal,5,4
158,burden,2,3
1322,vast,2,2
295,debat,3,2
733,luck,2,3
748,master,1,2
1195,strom,1,2
390,empti,1,2
154,buddhism,2,2
1198,subgeniu,1,2
1010,rawlin,1,2
227,compassion,1,2
271,crichton,1,2
886,pastim,1,2
312,denial,2,2
833,note,3,2
