267,cover,2
852,oft,1
89,attack,3
643,intent,2
192,choic,3
1253,time,8
136,blew,1
1031,refus,1
1164,soul,5
101,ballot,1
781,mill,1
1020,rebel,1
962,process,2
583,humbl,1
518,get,4
63,approv,1
1267,transfus,1
68,arbitrari,7
239,confus,2
741,mani,45
930,possibl,12
1175,spiritu,5
686,kind,3
576,hostil,1
37,alt,3
36,also,14
556,hawaiian,1
314,depend,3
1051,research,3
1168,speci,2
358,door,3
1226,tell,3
128,big,1
936,prayer,5
290,dave,1
1157,someth,19
837,nowaday,1
257,copi,2
808,name,4
703,lead,1
941,prefer,1
1352,whether,9
78,aspect,1
945,presenc,1
1363,wisconsin,1
266,court,1
951,previous,1
1060,ridicul,1
330,differ,10
997,qualiti,3
229,compil,1
1364,wish,3
1085,say,22
838,number,6
196,christian,21
110,becam,1
18,adher,1
442,explan,3
93,avoid,2
630,inexact,1
645,interpret,2
1187,stay,1
113,behav,4
320,destroy,2
1152,solicit,1
1118,sever,1
391,encompass,1
755,mayb,1
1317,valu,4
419,everi,10
893,peopl,40
770,merci,1
106,bastard,1
421,everyon,2
549,harboehdcrt,1
302,deed,1
1140,sincer,1
663,jaeger,1
1174,spent,4
274,critic,2
437,experi,4
371,e,1
1248,thought,9
294,death,3
1142,sinner,1
952,priest,1
217,colon,1
242,consid,8
1229,tend,6
543,hall,2
562,help,3
887,patent,1
844,obscur,1
1230,tendenc,5
1082,saudi,2
1264,total,1
171,carri,4
773,messag,6
1281,tyre,1
193,choos,3
214,cohes,1
475,firstli,1
1331,violat,6
318,deserv,3
1213,surviv,3
548,happili,1
884,pass,1
1004,r,2
496,frequent,1
1220,talk,9
711,let,1
1147,soc,1
1328,victim,7
732,ltvtmvtu,1
51,antipathi,1
1334,vocal,1
352,doctrin,1
747,mass,2
1377,write,18
1151,sole,1
1318,valuabl,1
428,exampl,19
839,ny,1
919,point,8
806,myth,1
1123,share,2
813,need,6
801,mr,2
329,die,4
361,doubtless,2
395,end,7
696,larger,1
28,aid,3
52,anyon,1
961,problem,9
487,form,2
1038,religi,49
1367,wonder,1
95,b,5
123,bewar,2
1266,traffic,1
978,proselyt,1
868,ought,1
1094,scream,1
340,discrimin,1
640,instead,2
1241,theori,1
48,answer,8
417,eventu,1
734,made,8
458,faq,2
163,call,5
1014,real,5
1056,restrict,2
181,certainli,11
1126,shortcom,1
86,atheism,49
116,belief,38
730,lose,1
1261,took,1
288,danger,2
410,essenti,3
906,pgvlt,1
336,disbelief,2
617,includ,3
680,justifi,4
1243,thesi,2
1018,realli,5
578,howev,10
953,primarili,1
523,goal,9
394,encroach,1
691,l,1
1313,usual,6
1059,rice,2
1287,unambigu,1
1041,remain,1
90,attempt,5
32,allow,3
805,must,20
1165,sound,5
1075,sacr,1
553,harsh,1
610,impract,1
712,level,3
97,background,1
710,less,4
985,public,1
19,administ,1
1338,vulner,1
621,increas,5
960,probablilti,1
534,greater,4
299,declar,4
1244,thing,20
850,odd,2
416,event,2
1385,z,1
161,butler,1
550,hard,3
1257,togeth,3
1271,tri,9
145,boycott,1
164,caltech,5
749,match,1
328,diclaim,1
1150,societi,12
17,adequ,2
651,introduct,4
195,christ,2
647,intoler,1
723,littl,6
797,monopoli,1
7,accord,7
1073,rule,15
1216,system,28
881,parti,2
357,done,2
979,provabl,2
1001,quick,1
1030,reform,2
956,principl,4
622,independ,4
841,obedi,1
324,determin,1
638,insincer,1
792,mo,1
1089,school,4
1110,sensibl,1
46,annoy,1
6,accor,1
1215,sympathi,2
1359,widen,1
547,happi,5
387,embarass,1
1277,turn,2
648,intox,1
1351,whenev,2
766,meme,6
1183,start,6
1242,therefor,4
513,gay,1
12,action,3
684,kill,11
1221,taoism,1
557,heal,2
500,fudg,1
752,matter,15
830,none,3
1173,spend,1
341,discuss,3
657,irc,1
423,everywher,1
1265,toward,4
393,encourag,4
160,bustingli,1
879,parodi,2
531,gradual,1
65,april,1
473,finish,2
1375,would,24
702,lawmak,1
343,disord,2
337,disbeliev,1
1325,verili,1
854,ok,3
905,pgp,4
85,astrolog,1
41,amongst,1
1083,save,4
152,brother,1
1344,weak,7
629,inevit,1
728,long,3
872,overpopul,1
539,guilt,1
928,pose,2
1275,trustworthi,1
574,hospit,2
364,dress,1
1095,scroll,3
1332,virtu,1
1300,unknow,1
210,cmu,1
1170,specif,1
317,describ,4
480,follow,7
800,mozumd,2
1065,road,1
1353,whilst,2
579,hssppau,1
1283,ultim,1
1327,version,2
438,experiment,1
1109,sens,6
939,predict,1
1374,worth,4
915,pleas,5
124,beyond,2
153,brought,1
29,ajrxzxn,1
1214,switch,2
674,judg,1
517,genuin,1
454,fall,3
933,practic,2
650,introduc,1
1135,similar,4
4,accid,1
876,parasit,1
479,fog,1
847,obviou,3
491,foundat,1
697,largest,1
298,decis,3
15,adam,2
1206,superhuman,3
1217,sz,1
842,obey,2
252,convert,2
796,money,1
565,histor,2
238,conform,2
456,famili,3
1096,sea,1
971,properli,1
649,intrins,1
322,detect,5
994,q,3
1305,unto,2
1037,reliabl,1
987,punish,13
262,count,2
230,complet,5
940,predominantli,1
595,illeg,1
880,part,3
1107,semant,1
465,field,2
1272,trim,2
709,length,2
133,bit,2
66,arabia,2
25,agnost,3
170,care,9
146,brain,1
131,birth,1
452,fair,2
542,halat,1
1117,set,4
538,guarante,3
829,non,10
434,exist,42
1106,selfish,2
478,flyer,3
234,conclud,2
999,queen,1
763,meet,1
898,perhap,5
461,favor,4
1176,spread,3
466,fight,1
1162,sorri,2
1026,redefinit,2
1131,sig,3
88,atmp,1
353,document,2
1247,though,3
82,associ,1
470,financi,1
303,deepli,1
519,give,3
1361,will,2
510,g,1
559,heavi,1
55,anywher,2
1172,specul,1
1122,shall,3
319,desir,2
719,link,2
413,euphem,1
338,disclaim,1
1063,risk,3
909,philosoph,13
959,probabl,4
1280,typic,1
99,backward,1
772,merit,1
1293,unexcept,2
1269,trap,1
835,notic,1
363,drawn,1
284,dahmer,1
633,inform,2
1138,simpli,7
1357,whole,6
758,mean,28
102,baptist,1
520,given,2
811,nauseum,1
1240,theistic,2
528,gone,2
990,purpos,9
1329,view,11
516,gener,11
1258,toilet,1
693,lack,5
440,expertis,1
450,factor,1
1324,verifi,1
669,join,1
926,popular,2
1291,undo,1
430,except,1
851,offens,2
436,expens,1
247,contradict,10
989,pure,2
1114,serial,4
226,compass,2
627,ineffici,1
185,chanc,1
398,england,1
209,closer,1
281,current,3
969,proof,2
600,immedi,1
400,enrag,1
122,better,4
861,orang,1
1308,upbring,2
665,jesu,5
375,easi,3
289,data,2
404,entropi,1
250,control,4
157,bunch,1
891,peer,1
809,nanci,1
1225,televis,1
359,doubl,1
525,gold,1
285,damn,1
1312,use,21
1340,wast,2
114,behavior,1
104,basi,2
628,inerr,3
1205,superfici,1
570,honor,1
552,harm,2
439,expert,1
77,ask,13
183,cfk,1
39,although,1
420,everyday,1
126,bibl,9
156,build,3
754,may,26
788,miracl,1
1306,untru,1
1066,rob,1
834,noth,3
119,benefit,1
143,bottom,1
825,nice,1
1185,statement,6
1207,supernatur,1
1192,stop,3
1091,scientif,1
1098,second,2
739,man,1
103,base,5
219,come,2
194,chose,1
1128,show,4
795,moment,2
597,imagin,1
1347,weight,1
232,concept,4
718,line,9
601,immor,5
488,former,3
725,livesey,5
612,imprison,2
1228,ten,1
935,pray,5
13,actual,4
858,open,2
1190,still,12
1297,unicorn,3
69,archiv,2
24,advoc,1
544,hampshir,2
1029,reflect,2
859,oper,1
305,defend,1
147,bravo,1
794,mohammad,1
855,oke,1
1039,religion,48
995,qkbjarbi,1
713,liberti,9
1130,side,1
1370,world,7
751,mathew,3
1236,th,1
1146,slipperi,1
641,institut,1
588,id,3
682,keith,10
895,percent,1
656,iqcvagubk,1
130,billion,1
1108,send,2
1339,want,10
1090,scienc,7
444,express,1
1033,reject,2
168,cannib,1
974,prophet,1
490,found,9
367,driven,1
1255,tm,1
1349,well,21
411,etc,3
606,impli,3
169,capit,6
1009,rather,13
563,henc,2
690,kuweit,2
44,andrew,1
1302,unless,2
947,preserv,1
495,freethought,1
1234,testifi,1
1036,reli,2
571,hope,1
1092,scientist,6
585,huxley,1
907,phenomena,2
1102,seem,10
1145,slightli,1
1166,soviet,3
211,co,1
482,foolish,1
265,cours,14
598,imaginari,2
1154,somebodi,1
1345,weakl,1
894,perceiv,1
231,complex,1
912,place,1
667,john,1
1054,respond,6
474,first,2
1079,salvat,1
348,divin,1
653,inviol,2
205,claw,1
1129,shown,2
1251,thrown,1
26,agnostic,4
820,newsgroup,1
174,categor,2
717,limit,1
1350,west,1
197,church,11
1314,v,1
537,group,4
560,height,1
1197,studi,2
468,file,4
888,pathet,2
1360,widespread,2
1088,schneider,4
1052,resist,2
429,excel,1
244,contenti,2
200,cite,1
1024,record,1
873,ozland,1
1184,state,15
80,assert,8
212,code,2
913,planet,1
652,invalid,3
635,inher,2
675,jump,2
1299,univers,10
532,grapholog,1
198,circular,1
155,buddhist,1
268,crap,1
1132,sign,1
849,od,1
1077,sake,1
857,oooh,1
877,parent,1
922,polit,4
1316,valid,2
681,keep,2
970,propag,2
449,fact,4
810,natur,9
150,broad,1
688,know,10
785,mindlessli,1
399,enough,2
481,food,1
0,abl,2
631,infant,2
301,dedic,2
603,impact,1
744,mark,1
885,past,1
1202,suddenli,2
1218,take,10
1006,rafia,1
283,cynic,1
201,citizen,2
634,ingrain,1
1254,tlez,1
1233,test,3
139,blood,2
1019,reason,19
742,mankind,1
401,entir,4
804,muslim,11
54,anyway,2
476,fit,1
215,coin,1
202,claim,13
406,equal,1
275,crop,1
1355,who,3
780,mileag,1
1119,sex,2
457,famou,3
874,p,3
581,huge,1
619,inconclus,1
5,accident,1
798,moral,42
1315,vagu,1
165,came,2
258,core,5
190,cheap,1
558,heard,1
740,manhattan,1
21,admittedli,1
575,host,10
984,pub,1
535,gregg,1
1326,vers,3
937,prc,2
464,fiction,1
286,dan,2
138,bloc,1
501,full,2
929,posit,9
967,promiscu,3
604,implant,1
1285,unabl,1
1005,ra,2
16,add,1
378,eastern,1
277,crystal,1
646,intimid,1
778,michael,1
360,doubt,3
551,harder,1
61,applic,1
724,live,8
573,hors,1
125,bias,1
526,golden,5
453,faith,8
1284,un,1
767,memet,2
779,might,9
166,campaign,4
445,extern,1
1113,septemb,1
1323,verdi,1
918,po,1
587,ic,1
1208,support,7
892,penalti,3
584,hundr,1
223,committ,1
497,freze,1
316,depth,1
1321,variou,1
261,could,7
878,park,2
98,backlash,3
1343,way,20
509,futur,1
11,act,7
982,pseudo,1
1263,toss,1
1200,subtl,1
246,continu,1
486,forgiv,2
654,invis,1
1057,result,3
701,law,3
1222,target,2
100,bad,2
162,bv,1
402,entiti,1
206,clean,1
1171,spectrum,1
1105,self,3
1365,within,3
506,funni,1
175,cathol,2
735,mail,1
368,drug,1
380,edu,7
524,god,64
731,lot,1
159,busi,1
996,qualit,1
722,listen,1
1201,success,3
1342,water,1
60,appli,6
871,overal,1
310,demonstr,1
1224,teeth,1
1011,reach,1
721,list,8
1069,role,1
1290,understand,6
917,plug,1
346,distinguish,1
1003,quot,11
245,context,2
2,absolut,1
689,known,2
637,insid,2
1167,speak,2
459,far,2
783,mincer,1
923,ponder,3
608,importantli,1
424,evid,9
554,hate,2
115,behaviour,6
1025,recurs,4
921,polici,1
140,bob,2
342,diseas,1
605,implement,4
705,least,5
889,patienc,1
609,imposs,8
333,direct,1
582,human,15
746,marriag,1
409,especi,4
374,earth,4
920,pointless,1
704,leader,1
264,countri,3
43,analog,1
944,prescrib,1
807,n,1
418,ever,4
344,display,1
30,aliv,1
141,book,2
1067,robe,1
1232,terror,1
708,legisl,1
993,put,6
199,circumv,1
1156,someon,9
132,birthday,1
1032,regard,1
1153,solomon,1
3,accept,11
1160,somewher,5
386,email,2
1169,special,1
1078,salad,1
207,clear,6
1027,reduc,1
577,hot,1
975,propog,2
1046,repli,2
1307,unwil,1
236,condom,1
661,issu,5
1231,term,2
1279,two,5
1040,reluct,1
671,josh,1
233,concern,7
291,day,1
345,disprov,2
73,around,2
515,gene,1
1186,statist,2
1380,xenophobia,1
568,hold,4
118,benedikt,1
613,inabl,1
1341,watch,5
782,milwauke,1
664,jeffrey,1
1070,roper,1
47,anoth,11
555,hatr,1
992,pursuit,3
676,jurass,1
1301,unknown,1
256,cooper,1
636,innoc,10
177,caus,6
514,ge,1
362,draw,1
467,figur,2
83,assum,19
1378,written,1
666,jim,1
1354,whit,2
365,drink,1
743,manner,2
775,metal,1
1235,text,1
533,great,3
1002,quit,8
679,justif,3
1196,strong,11
529,good,15
377,easili,1
448,face,3
903,pet,1
1074,run,3
167,campu,2
306,defin,14
1358,wide,2
986,pull,1
1296,unhappi,1
278,cultur,1
1237,thank,2
1209,suppos,2
828,nobodi,4
948,pressur,1
493,free,2
1143,situat,3
1238,theism,2
443,explicitli,2
188,characterist,1
370,due,2
750,mathemat,1
1191,stool,1
263,counter,4
1012,read,2
327,dialogu,1
351,doctor,1
376,easier,1
484,foreign,2
505,fundi,3
567,hobnob,1
692,label,1
415,even,24
149,bring,1
882,particular,6
1310,us,5
700,laugh,1
179,centuri,1
1212,survey,1
33,almost,3
566,histori,1
1348,welcom,1
260,cost,3
586,ibm,1
237,conduct,1
191,children,2
981,provid,5
57,appar,4
1381,ye,4
208,close,4
580,htdii,1
511,gain,1
715,life,23
213,coffe,1
108,beauchain,3
38,altern,1
1203,suffici,1
1062,righteou,1
67,arbitari,2
977,proposit,1
866,other,15
1028,refer,10
911,pillar,2
1294,unfair,1
323,deterior,1
769,mention,4
249,contribut,3
1064,river,1
823,next,1
276,crucial,1
151,bronx,1
963,profess,1
802,much,11
75,articl,17
759,meaning,2
883,particularli,1
389,empath,1
768,mental,1
127,biblic,1
1259,told,2
1249,thousand,1
625,individu,5
821,newslett,2
1141,singl,2
1013,readili,1
469,final,1
822,newsread,1
867,otherwis,2
507,fuss,1
373,earlier,1
216,collect,1
826,nihqnzx,1
9,achiev,2
816,net,1
92,author,2
40,alway,4
111,becom,7
753,maxim,1
296,decept,1
332,digress,2
958,prize,1
908,phenomenon,2
392,encount,1
1163,sort,21
182,certainti,1
973,propheci,1
1086,sbbpw,1
1178,stage,2
1104,segment,1
502,fund,1
334,directli,1
1022,recent,3
382,effort,3
863,organ,2
1288,unbeliev,2
856,one,36
957,prison,1
1304,unlimit,1
685,killer,4
1115,serious,1
1136,similarli,5
304,default,4
632,influenc,1
1252,thu,1
1103,seen,1
1144,slant,1
602,immort,1
983,psycholog,4
1372,wors,1
441,explain,3
489,formul,1
706,leav,1
1379,wrong,9
105,basic,5
325,develop,1
624,indirectli,1
1149,societ,1
499,friendli,1
300,decre,1
623,indic,3
53,anyth,4
1112,separ,4
904,petti,3
968,promot,3
1368,word,9
1000,question,22
620,inconsist,1
313,denounc,1
738,make,21
1015,realis,2
1262,topic,1
762,medicin,1
483,forc,2
639,instanc,1
446,extrem,1
498,friend,5
764,mellish,1
1376,wpsivx,1
1193,strang,1
273,crimin,1
726,local,2
736,main,1
414,evangel,1
836,notori,1
616,incalcul,1
672,joy,1
309,demand,1
204,classic,1
297,decid,6
1311,usa,4
536,ground,2
1384,yqqgb,1
1335,voluntari,1
1211,surpris,1
934,pragmat,1
765,member,3
591,idl,1
590,identifi,1
369,ds,1
1256,today,4
8,account,1
463,feel,9
827,nntp,7
938,preacher,1
59,appear,1
1333,vital,1
1120,sexual,3
189,chariti,9
462,februari,1
784,mind,3
384,electron,1
383,either,1
972,properti,1
541,gut,1
1007,random,2
1049,requiem,1
902,pervert,1
1072,rpi,1
225,companion,2
221,comment,1
1250,throw,1
572,horribl,1
460,fatal,1
897,perfectli,1
50,anti,9
869,outrag,1
1048,request,2
1097,search,6
1227,temporarili,1
72,argument,9
901,pervers,1
356,donat,1
980,prove,12
662,j,1
1116,serv,3
1194,straw,1
1076,said,7
254,convinc,2
315,depress,5
307,definit,11
243,content,1
42,amount,1
512,game,2
1303,unlik,3
253,convict,1
789,misinterpret,1
388,emerg,1
1246,third,1
966,progress,2
248,contradictori,1
942,premis,2
455,fals,2
791,mistaken,1
817,neutral,1
1199,subject,2
112,begin,3
241,consequ,1
107,bathroom,2
1180,stall,4
615,inalien,3
955,primit,1
49,anthrop,1
64,approxim,2
129,bill,1
427,examin,1
677,jurisprud,1
326,devic,1
135,blame,5
405,eoehzjxlefrdeypvayt,1
1134,silli,2
611,impris,1
1210,sure,13
142,born,3
1366,without,4
1071,roughli,1
670,jon,7
187,character,2
74,arriv,1
1273,trivial,1
10,across,1
793,modifi,1
422,everyth,2
1061,right,8
699,latter,3
27,agre,3
660,israelit,1
279,cup,1
786,minimum,1
20,admit,4
815,neighbourhood,1
1042,rememb,3
729,look,6
521,glori,1
976,propos,2
173,cast,1
589,idea,10
599,imiprison,1
988,purchas,1
432,execut,6
1155,somehow,1
426,exam,1
1016,realiti,3
62,approach,2
203,class,1
1219,taken,2
1362,wipe,1
349,dj,1
698,last,1
403,entitl,2
875,paper,1
1188,stick,1
950,pretti,1
1081,sarcasm,1
900,person,24
1181,stanc,1
1047,repres,2
870,outsid,3
220,comfort,5
224,common,2
655,involv,1
1099,secondli,1
1268,transmiss,1
658,irrelev,1
687,king,5
222,commit,3
255,cool,1
777,mhepi,1
1068,robert,3
14,ad,1
1133,signatur,2
504,fundamentalist,2
292,dead,2
1087,sceptic,9
787,minor,2
540,guilti,1
1182,standard,1
546,happen,2
964,professor,1
492,fred,2
1058,reveng,3
91,attitud,2
949,pretend,1
272,crime,2
673,judaism,1
860,opposit,1
31,allan,1
178,ceas,1
843,object,23
379,econom,1
931,post,15
23,advantag,1
914,play,2
259,correct,2
1080,sank,1
1337,vroblfaqfsbwp,1
1101,see,13
1383,yorktown,1
433,exhaust,3
172,case,3
56,apart,2
494,freedom,1
1223,teach,1
714,lie,4
228,compet,2
1045,repeatedli,1
910,physic,3
760,meant,2
1034,releas,1
1309,upon,5
1286,unaccept,1
832,noon,1
707,legal,3
946,present,7
522,go,5
1292,uneven,1
846,obtain,1
186,chang,3
924,poorer,1
58,appeal,2
659,islam,7
148,brian,1
1121,shade,1
1148,social,5
1179,stalin,1
1055,respons,2
925,popul,2
1093,scout,1
678,jurras,1
1137,simpl,5
269,creat,3
1125,short,1
503,fundament,4
70,argu,6
626,industri,1
745,marri,1
144,box,1
1127,shout,1
831,nonsens,1
1053,respect,1
644,interact,6
668,johnson,2
594,ill,1
1371,worri,2
814,neg,3
818,never,4
435,expect,1
695,larg,2
727,logic,3
109,beauti,3
472,fine,2
799,motiv,2
1278,tv,2
508,futil,1
607,import,5
1289,uncomfort,1
896,perfect,2
1369,work,8
1239,theist,14
694,languag,1
282,cut,2
121,best,3
137,blink,2
1161,soon,1
1346,wear,2
720,liquid,1
899,peripheri,1
1373,worship,3
757,mcgwier,1
545,hand,4
1319,vari,1
776,metaphys,1
431,excus,2
270,creation,1
592,ie,1
451,fail,2
34,along,4
94,away,1
385,els,1
824,nf,1
862,order,6
991,pursu,1
485,forev,1
477,flat,1
998,quantiti,1
916,plenti,1
471,find,12
761,measur,2
1008,rare,2
596,illicit,1
943,prepar,1
1274,true,15
331,difficult,1
84,assumpt,7
412,etern,3
308,delet,1
350,dna,1
1139,sinc,6
1050,requir,4
803,murder,36
81,assign,1
790,miss,2
1043,remot,1
1084,saw,1
593,ignor,2
366,drive,3
134,black,1
218,coma,1
932,power,4
530,govern,2
845,observ,2
180,certain,2
737,major,6
642,intend,1
965,programm,1
1336,voter,2
235,conclus,3
176,caught,1
354,dogma,1
347,divers,1
1204,suggest,2
76,asid,1
1320,varieti,2
407,equival,1
1330,viewpoint,2
381,effect,3
840,nz,1
280,curiou,1
1044,remov,2
527,golen,2
397,engag,2
251,convers,3
1124,shirt,1
1,absenc,1
1100,secular,2
756,mcdowel,1
1017,realiz,2
1295,unfortun,2
79,assembl,3
864,organiz,1
339,discourag,2
1245,think,19
561,held,1
408,error,1
45,anim,1
1270,trend,2
812,necessari,2
564,higher,1
87,atheist,94
716,like,21
22,adopt,2
954,prime,5
372,eactli,2
853,often,6
618,incompat,1
819,new,4
71,arguabl,2
1023,reconcil,1
1159,somewhat,1
1158,sometim,4
120,besid,2
311,deni,2
927,portion,1
890,patron,1
865,origin,6
321,destruct,1
96,back,1
184,chair,1
1282,uk,1
1298,union,2
425,evolv,1
774,met,1
1189,stilgar,1
355,dogmat,2
1276,truth,5
569,honestli,1
683,khyyxmerfao,1
1177,sseypl,1
287,dana,1
1260,tomorrow,2
771,mere,2
1111,sensori,1
117,believ,50
614,inaccur,1
447,eye,2
1356,whoever,1
1382,year,3
1035,relev,1
1021,receiv,1
396,enemi,1
335,director,2
240,connect,1
848,obvious,2
35,alreadi,1
293,deal,5
158,burden,2
1322,vast,2
295,debat,3
733,luck,2
748,master,1
1195,strom,1
390,empti,1
154,buddhism,2
1198,subgeniu,1
1010,rawlin,1
227,compassion,1
271,crichton,1
886,pastim,1
312,denial,2
833,note,3
